Sample_ID,Tissue_Type,Treatment_Group,Disease_Status,Gene_Expression,Protein_Abundance,Cell_Count,Cytokine_Level
Sample_1,Liver,Treated,Healthy,5.931502280978154,22.85995902012135,39744,22
Sample_2,Brain,Treated,Healthy,7.515501537061755,16.831591143446616,17165,24
Sample_3,Liver,Control,Healthy,11.028096281372935,21.897437990932406,28564,25
Sample_4,Kidney,Treated,Diseased,13.101261186515336,27.399045362310336,40258,18
Sample_5,Heart,Treated,Healthy,7.717527566310544,20.440198238765426,30301,19
Sample_6,Heart,Control,Healthy,9.224476434586954,15.885759766629102,49763,21
Sample_7,Kidney,Control,Diseased,10.80292828373399,22.932591296179115,25765,27
Sample_8,Brain,Control,Healthy,7.0950032058246055,5.862780983745421,49787,20
Sample_9,Liver,Control,Diseased,11.043382519161966,39.762403074334124,12425,24
Sample_10,Kidney,Treated,Healthy,4.648630701927527,12.69252021054136,17857,14
Sample_11,Heart,Control,Diseased,10.98447892892971,6.975707613378676,32463,25
Sample_12,Heart,Treated,Diseased,8.009830064224314,34.41644118072857,27444,23
Sample_13,Kidney,Treated,Diseased,9.104805618967173,39.82712579706525,46457,32
Sample_14,Heart,Control,Diseased,11.303767895873936,41.62231092167794,41744,22
Sample_15,Kidney,Control,Diseased,10.894504310984502,27.207913219726997,19205,14
Sample_16,Heart,Control,Healthy,9.984037591296591,14.241568311049338,5704,33
Sample_17,Kidney,Control,Diseased,11.938081103270699,38.1752454762422,10452,13
Sample_18,Liver,Control,Diseased,6.599647974762353,36.48708847194517,43862,16
Sample_19,Liver,Control,Diseased,10.408828743002827,16.082183034642796,8681,16
Sample_20,Liver,Treated,Diseased,8.419659738283034,45.65334901382568,25522,11
Sample_21,Liver,Treated,Healthy,11.836062937359973,9.696715613727305,23300,14
Sample_22,Heart,Treated,Diseased,11.37413413927224,49.22097078160966,14566,18
Sample_23,Brain,Treated,Healthy,11.44669643772801,43.71115149398591,12501,18
Sample_24,Kidney,Control,Diseased,13.29076366541427,35.95543904655838,6845,23
Sample_25,Brain,Control,Diseased,12.252695064869956,47.24374497259248,44181,17
Sample_26,Heart,Treated,Healthy,9.685157332453178,37.50400257456685,45758,18
Sample_27,Heart,Treated,Healthy,9.997464293025006,13.570564866352067,47396,19
Sample_28,Brain,Treated,Healthy,11.201876761423453,24.89702621507653,18230,14
Sample_29,Brain,Control,Diseased,10.27234934949566,8.217636094923591,22754,17
Sample_30,Heart,Control,Healthy,11.410346643819436,22.534584002965193,39404,19
Sample_31,Heart,Control,Diseased,5.539359150453943,38.37213588817439,27564,22
Sample_32,Kidney,Treated,Healthy,13.761607037586632,22.389950791886783,37362,26
Sample_33,Liver,Treated,Healthy,10.122057167112642,19.863237896066035,23227,17
Sample_34,Liver,Control,Diseased,6.75506933821488,31.791007512964036,29760,22
Sample_35,Kidney,Control,Healthy,8.172413296832957,44.24920380495028,34723,22
Sample_36,Brain,Treated,Healthy,5.741345897661555,7.141243664575059,22215,21
Sample_37,Heart,Treated,Diseased,7.8195298396284985,22.346169561488093,10538,17
Sample_38,Brain,Control,Diseased,9.71550314272043,12.120833381686822,26699,16
Sample_39,Liver,Treated,Diseased,13.029429224988807,36.290941282934135,48085,23
Sample_40,Liver,Control,Healthy,10.821349170839602,9.75760521940107,17454,21
Sample_41,Brain,Control,Healthy,10.465721223929151,34.91634913611101,46223,22
Sample_42,Liver,Treated,Healthy,7.729790957568577,17.87813918590583,26711,19
Sample_43,Heart,Treated,Healthy,8.351029388692977,13.951256618175112,20059,24
Sample_44,Kidney,Treated,Healthy,8.50614461325561,47.13586510212434,6286,26
Sample_45,Brain,Control,Diseased,8.58774277562779,5.833605953568014,39297,18
Sample_46,Heart,Treated,Healthy,9.29692624750279,24.6999772350306,47768,13
Sample_47,Heart,Treated,Diseased,9.447977876567037,5.97321466078072,44423,22
Sample_48,Liver,Control,Healthy,9.321843252746303,26.761687164694806,39645,23
Sample_49,Heart,Control,Diseased,8.657351539463036,27.54713200074882,47709,24
Sample_50,Brain,Treated,Healthy,10.270106331624453,19.474811212763615,31485,25
Sample_51,Heart,Control,Healthy,9.37117043326645,10.947279988626065,37267,17
Sample_52,Kidney,Control,Diseased,6.808865507555545,21.93743919805139,32086,19
Sample_53,Heart,Control,Healthy,10.06876364451587,35.251832296965475,21484,18
Sample_54,Heart,Treated,Diseased,9.766472004436848,40.20781138900066,8087,20
Sample_55,Kidney,Treated,Healthy,6.840745094889648,28.883777107466404,43596,14
Sample_56,Heart,Control,Healthy,8.817397106606924,31.542547749789,23675,17
Sample_57,Heart,Control,Diseased,11.194145122022718,14.02773670060937,29680,17
Sample_58,Liver,Control,Healthy,7.727100122678591,17.929864995244223,22077,22
Sample_59,Brain,Treated,Diseased,7.515641860543013,12.28530245235613,43174,22
Sample_60,Liver,Control,Healthy,9.350232756016522,16.218290750207508,16432,19
Sample_61,Brain,Control,Healthy,11.245864539623929,15.11990511014893,8491,15
Sample_62,Kidney,Treated,Healthy,13.620655181445391,28.375195387605693,8392,20
Sample_63,Kidney,Control,Healthy,11.317870709707368,30.320994010582822,7268,24
Sample_64,Kidney,Treated,Healthy,12.169655480312215,47.5226339369677,43400,14
Sample_65,Brain,Treated,Healthy,10.693395257003328,13.800679119568537,41551,17
Sample_66,Brain,Treated,Healthy,8.62976804071454,33.875406957267316,33088,20
Sample_67,Brain,Control,Diseased,11.303422153193825,41.77666710443853,19479,22
Sample_68,Kidney,Control,Healthy,9.828783902143758,30.210865870237363,30465,23
Sample_69,Brain,Treated,Healthy,10.754067675656026,16.475164362548405,27357,14
Sample_70,Heart,Control,Healthy,8.107940347298078,16.81476035090001,10969,32
Sample_71,Liver,Treated,Diseased,10.932891601679612,6.766387388194996,13981,13
Sample_72,Kidney,Control,Diseased,9.758983606468208,18.744990194681677,26032,18
Sample_73,Liver,Treated,Healthy,10.462515494368168,38.507165555152106,46618,26
Sample_74,Heart,Treated,Healthy,9.829853650349737,7.138299074319967,29408,20
Sample_75,Brain,Control,Healthy,9.445593769316634,14.868287712717379,29241,22
Sample_76,Liver,Control,Diseased,10.969381559236817,36.78046243393018,22402,28
Sample_77,Heart,Control,Healthy,9.187817742216872,40.21932032702945,30766,19
Sample_78,Heart,Control,Diseased,6.82262373924482,25.48932845278678,8657,18
Sample_79,Liver,Treated,Healthy,6.25205984863511,36.413345231539196,26230,19
Sample_80,Kidney,Treated,Diseased,10.368833138853955,22.45784758947014,23680,20
Sample_81,Liver,Control,Diseased,9.105564370542288,12.196096026085737,22158,23
Sample_82,Kidney,Control,Healthy,6.541801645135899,22.916727208530794,24195,18
Sample_83,Brain,Treated,Healthy,10.21306993410756,31.098551909141428,47340,16
Sample_84,Kidney,Control,Healthy,9.812250890053281,47.662397683380064,40950,14
Sample_85,Brain,Control,Healthy,9.000772813554535,8.09379284399048,17979,18
Sample_86,Liver,Control,Healthy,10.493618636361704,27.832734223023227,12867,18
Sample_87,Brain,Control,Healthy,12.630188020215607,19.801390019482596,20155,21
Sample_88,Heart,Treated,Healthy,12.569181437370279,27.874026242451254,18006,18
Sample_89,Brain,Treated,Diseased,10.28752928621717,6.078895131943925,9329,13
Sample_90,Kidney,Control,Healthy,9.830579134274293,19.08614096157116,27551,19
Sample_91,Kidney,Treated,Healthy,10.315470415223363,41.89406663871522,40865,21
Sample_92,Kidney,Control,Diseased,10.618013865548697,29.927378023458687,6404,14
Sample_93,Brain,Control,Healthy,9.46340364588389,25.276212176725284,42869,21
Sample_94,Kidney,Control,Healthy,10.349086119906204,17.848628227190282,6369,25
Sample_95,Kidney,Treated,Healthy,6.852740857916405,18.411913525611016,44433,24
Sample_96,Heart,Treated,Healthy,10.162697766693528,22.2395645115763,23448,16
Sample_97,Brain,Treated,Diseased,10.95362719004921,42.60068194840522,40533,20
Sample_98,Heart,Treated,Diseased,9.020316115987189,48.52459430637208,29175,18
Sample_99,Kidney,Treated,Healthy,9.809054711427803,24.739492160766854,5716,14
Sample_100,Kidney,Control,Healthy,7.776989238597752,22.700877743649283,18850,10
Sample_101,Kidney,Control,Diseased,7.499372834081373,43.094784911893825,6711,18
Sample_102,Brain,Treated,Healthy,10.421630155918383,24.210739428633662,30801,24
Sample_103,Liver,Treated,Diseased,8.540873968524767,29.840817753304304,26751,23
Sample_104,Kidney,Treated,Diseased,6.4463486768479505,15.3923749069435,44029,21
Sample_105,Kidney,Control,Diseased,7.776443401731116,38.45761411005839,30173,20
Sample_106,Kidney,Treated,Healthy,8.067241812415862,28.939474322185184,11086,23
Sample_107,Kidney,Control,Healthy,11.549160995463483,41.406554760815375,16223,16
Sample_108,Brain,Control,Healthy,10.358228022736935,40.132972851290134,21220,26
Sample_109,Liver,Treated,Diseased,8.2567956036854,14.675214572151285,18392,17
Sample_110,Liver,Control,Healthy,8.824468190057681,37.203599775099306,25051,17
Sample_111,Liver,Control,Healthy,12.624168832214451,41.002448357811716,7246,23
Sample_112,Kidney,Treated,Diseased,11.872204870393903,20.57482583520778,25010,28
Sample_113,Kidney,Control,Healthy,7.763879144036344,12.767410080602353,7822,17
Sample_114,Liver,Treated,Healthy,12.327051719252653,5.118447001081468,29667,14
Sample_115,Liver,Control,Healthy,9.83874238310038,25.29066438919167,22234,18
Sample_116,Kidney,Treated,Diseased,11.599223252112488,20.85947291924787,35654,28
Sample_117,Kidney,Treated,Healthy,9.673384089996986,29.970942522143403,14669,19
Sample_118,Heart,Control,Diseased,12.37165839748435,13.461849166495359,26784,17
Sample_119,Heart,Treated,Diseased,7.680758776920403,43.684949644991384,34672,12
Sample_120,Heart,Control,Diseased,9.489099137236968,16.598984703264932,6082,21
Sample_121,Liver,Control,Healthy,12.432919555798234,15.189332228944249,16148,19
Sample_122,Brain,Treated,Healthy,5.214783703605474,26.632132541796018,32494,19
Sample_123,Kidney,Control,Healthy,9.90787719175107,27.44829606849234,45935,21
Sample_124,Heart,Treated,Diseased,9.212907360253626,14.678835295329177,14557,12
Sample_125,Brain,Control,Diseased,11.36932246108749,17.23373270266621,49496,23
Sample_126,Kidney,Control,Healthy,12.139826870821944,12.636735761986023,41719,14
Sample_127,Brain,Treated,Diseased,11.460567638613929,37.3307080245425,46735,20
Sample_128,Liver,Control,Healthy,10.482000506794492,39.65400640643369,44536,26
Sample_129,Liver,Control,Healthy,10.08112909619072,25.804782385667718,19039,18
Sample_130,Liver,Control,Healthy,9.314578757040204,37.13391602082579,7303,22
Sample_131,Heart,Control,Healthy,10.419945243049263,38.117092637185046,44925,16
Sample_132,Kidney,Control,Healthy,12.919309659171018,11.222398745501387,23281,24
Sample_133,Liver,Control,Healthy,8.338975403444918,48.47801111755415,27209,10
Sample_134,Heart,Control,Healthy,9.195837049751853,41.9464376193394,33173,19
Sample_135,Heart,Control,Diseased,9.848980054866384,14.201755753812058,47287,18
Sample_136,Heart,Treated,Healthy,12.001865358391337,13.377426608573161,30190,16
Sample_137,Heart,Control,Diseased,10.44660467910441,10.654751551081223,38012,17
Sample_138,Liver,Control,Diseased,11.966963791090382,11.227035314386328,46716,30
Sample_139,Heart,Treated,Healthy,12.068219981007202,38.66728095629133,46783,19
Sample_140,Liver,Treated,Diseased,11.184073651639961,26.13444156282306,48787,15
Sample_141,Liver,Treated,Diseased,7.8720127668688935,40.232037773294024,25191,21
Sample_142,Heart,Control,Diseased,13.32218782379343,38.58147024575924,7779,15
Sample_143,Liver,Treated,Healthy,12.824761342185402,32.207572107734975,23230,17
Sample_144,Kidney,Treated,Healthy,10.127080101004674,35.88649729604058,28405,14
Sample_145,Kidney,Control,Healthy,7.236459515032891,5.8260075970613805,17803,13
Sample_146,Brain,Control,Healthy,6.879003684251286,19.02999410622599,32825,23
Sample_147,Kidney,Treated,Healthy,10.50863125310742,33.701998066673454,18698,17
Sample_148,Liver,Treated,Diseased,8.596499115738428,5.420522906880989,39560,26
Sample_149,Liver,Control,Diseased,6.565621733279243,6.483962465716703,20376,15
Sample_150,Kidney,Control,Healthy,6.841268601273997,43.334959211167245,23118,21
Sample_151,Heart,Control,Diseased,9.060034853339983,35.78111877614323,18117,22
Sample_152,Heart,Control,Diseased,10.389859147621957,16.94163799041548,44983,18
Sample_153,Liver,Control,Diseased,12.811426102031653,35.95832780534191,42956,12
Sample_154,Heart,Treated,Diseased,10.968441548693685,40.66055011126685,43049,15
Sample_155,Brain,Control,Healthy,9.237190939057172,18.805742739954557,27242,20
Sample_156,Brain,Control,Healthy,10.759899115345599,6.621681987463435,5944,18
Sample_157,Kidney,Control,Healthy,10.581135171177316,46.975060610948056,36695,22
Sample_158,Kidney,Control,Diseased,11.479090414391878,20.53309272330337,6511,20
Sample_159,Heart,Control,Diseased,9.920115772832272,9.791679347811787,27502,15
Sample_160,Liver,Treated,Healthy,12.072395502024222,27.133559212691633,29805,24
Sample_161,Kidney,Control,Healthy,11.64890360045497,39.58105080488602,31993,21
Sample_162,Brain,Treated,Diseased,10.16540000727714,14.974129157790163,13369,14
Sample_163,Kidney,Control,Healthy,9.76155128746819,17.12705225600135,49888,19
Sample_164,Kidney,Treated,Healthy,11.839496957980852,15.922174405936243,40383,17
Sample_165,Brain,Treated,Diseased,8.573051363785922,49.625287377425515,22997,19
Sample_166,Liver,Control,Diseased,6.986774341713213,13.883168017874414,20629,21
Sample_167,Kidney,Control,Healthy,6.975404016632009,30.89840976347558,36949,23
Sample_168,Kidney,Control,Diseased,8.407251049820982,46.636908874563396,7840,19
Sample_169,Kidney,Control,Healthy,11.319304597554499,11.610345599500066,19051,26
Sample_170,Heart,Control,Diseased,9.154402290780272,48.68843890404651,32523,20
Sample_171,Kidney,Treated,Diseased,10.409032005622452,47.63647554780311,6774,22
Sample_172,Brain,Control,Healthy,9.009407858237862,44.805739417621815,18262,22
Sample_173,Liver,Control,Diseased,9.025285268032068,14.655043459850102,8871,20
Sample_174,Liver,Treated,Healthy,7.949072650977692,33.532477520494254,13273,32
Sample_175,Brain,Control,Diseased,9.816208749168624,39.24011628325581,22229,15
Sample_176,Heart,Treated,Healthy,9.649672528442085,49.37125676883934,32385,15
Sample_177,Brain,Control,Diseased,10.825330046363643,13.119071993661668,47176,16
Sample_178,Liver,Treated,Diseased,10.575395214023436,39.47116547836834,34289,23
Sample_179,Brain,Control,Healthy,9.605705238083175,20.24605264672008,8260,23
Sample_180,Heart,Treated,Diseased,6.987822309879649,12.903190950560106,37019,22
Sample_181,Liver,Treated,Healthy,12.141158935156556,23.961962354623473,8145,19
Sample_182,Heart,Control,Diseased,9.829911321923953,40.72261604668774,36753,22
Sample_183,Brain,Control,Diseased,10.159285379787793,25.918241166682346,12802,21
Sample_184,Kidney,Control,Healthy,13.200990131622115,29.188539509137183,7263,24
Sample_185,Brain,Treated,Diseased,11.8164442531919,49.782173459005456,31913,24
Sample_186,Heart,Treated,Diseased,10.892898397633461,22.95991848008417,13155,17
Sample_187,Brain,Treated,Healthy,9.99538842525835,32.69303396191579,5922,27
Sample_188,Kidney,Control,Diseased,9.976708902331694,21.435989072691733,11695,20
Sample_189,Heart,Control,Healthy,10.480228995443724,22.67535408479172,25672,23
Sample_190,Brain,Treated,Healthy,10.813813451713264,36.30383390504336,43526,33
Sample_191,Heart,Control,Healthy,13.422803511568269,47.20491392426975,24014,24
Sample_192,Heart,Treated,Diseased,14.946532165525621,29.406152772154464,12816,21
Sample_193,Liver,Control,Diseased,10.580521610807098,39.57799680269509,30743,16
Sample_194,Liver,Control,Healthy,5.693447855912734,9.014295146763372,45324,24
Sample_195,Heart,Treated,Diseased,8.09651105341656,14.502111684436713,33539,13
Sample_196,Brain,Control,Healthy,13.622993763743533,27.59592384137896,35102,21
Sample_197,Brain,Control,Diseased,11.437305256511493,5.900527563294865,43698,14
Sample_198,Brain,Control,Healthy,10.852092974489992,16.378474044315148,16633,16
Sample_199,Kidney,Control,Healthy,9.666324177190479,28.283058042123475,28384,25
Sample_200,Heart,Control,Diseased,7.621955881548031,5.673253921533532,8512,26
Sample_201,Heart,Treated,Healthy,13.355579509491005,16.904582880171876,11066,25
Sample_202,Kidney,Control,Healthy,8.353579497051822,28.131386876414126,36500,13
Sample_203,Heart,Treated,Diseased,11.458623633076558,30.791716159156056,18207,19
Sample_204,Heart,Control,Healthy,7.398596460491713,46.65882618748875,25106,20
Sample_205,Kidney,Control,Healthy,9.569302630343447,34.04055304627735,19322,22
Sample_206,Liver,Treated,Diseased,11.985914260905929,23.66311111384972,39828,29
Sample_207,Heart,Treated,Healthy,9.500611655066413,46.86580297098805,24418,19
Sample_208,Kidney,Control,Healthy,9.263100249267945,40.31973425245074,7387,24
Sample_209,Brain,Control,Healthy,10.021272536697362,14.000401450073642,13031,22
Sample_210,Liver,Treated,Healthy,7.327994215130144,10.88790626069689,6799,23
Sample_211,Brain,Treated,Healthy,6.95170618590797,35.41152360842298,40548,21
Sample_212,Heart,Treated,Healthy,11.428472965387856,30.19474245096427,38895,23
Sample_213,Liver,Treated,Healthy,9.1555801487644,40.535312620674006,29914,23
Sample_214,Kidney,Control,Healthy,11.412969521162912,38.246227253540894,45133,20
Sample_215,Heart,Control,Diseased,12.236366034301415,33.134519023588176,19635,15
Sample_216,Kidney,Control,Healthy,12.397285217990927,49.38719772330015,45379,17
Sample_217,Liver,Control,Healthy,6.757983430847322,29.011537854968388,12535,14
Sample_218,Brain,Control,Diseased,8.604341423492205,10.089759042577391,47132,14
Sample_219,Heart,Treated,Healthy,11.075170614087611,42.27231041671948,7808,19
Sample_220,Heart,Treated,Healthy,11.106003343807304,16.333401305556905,18055,21
Sample_221,Kidney,Treated,Healthy,14.49887516839258,39.97859666647632,32605,19
Sample_222,Liver,Control,Healthy,8.184772933533838,48.06981932000231,31665,24
Sample_223,Kidney,Treated,Healthy,12.336336802908196,36.35579812839536,37767,19
Sample_224,Liver,Control,Healthy,10.744549220077081,31.82135724274105,9297,21
Sample_225,Heart,Control,Diseased,6.71952826667306,25.717377905376825,48977,23
Sample_226,Liver,Control,Diseased,8.90436952654681,21.398443969793146,25943,20
Sample_227,Heart,Treated,Diseased,10.52505602464665,20.885213793732632,38216,19
Sample_228,Liver,Control,Diseased,6.591266583407469,33.63677175693158,10008,16
Sample_229,Brain,Control,Diseased,5.8521879900567075,38.80729026219856,26277,19
Sample_230,Liver,Treated,Healthy,6.477514842726713,35.533268126798646,21820,21
Sample_231,Brain,Control,Healthy,10.518267310168678,13.928454553710322,11012,14
Sample_232,Liver,Treated,Healthy,9.03066548253312,27.229423106457105,27253,21
Sample_233,Liver,Control,Healthy,8.760088605372763,40.623803248237834,34202,23
Sample_234,Kidney,Treated,Healthy,8.828756329668543,26.40668351850753,34236,17
Sample_235,Kidney,Control,Diseased,7.151755176684125,29.148047588097224,6620,13
Sample_236,Heart,Control,Diseased,9.087193634319785,39.701122167687,38716,19
Sample_237,Kidney,Treated,Healthy,6.359203903856329,34.75693878192912,14319,26
Sample_238,Liver,Control,Healthy,12.375282278717814,23.420521439707667,21575,20
Sample_239,Kidney,Treated,Healthy,13.384659441354435,45.293572003739854,17204,25
Sample_240,Liver,Control,Diseased,5.3478725732216565,12.315518089856536,16952,19
Sample_241,Brain,Treated,Diseased,9.061740681351823,49.79824018656461,22787,24
Sample_242,Liver,Control,Healthy,9.191977138730405,10.348366031430675,38872,27
Sample_243,Heart,Control,Diseased,9.65103098676595,5.67274869969075,34376,15
Sample_244,Brain,Control,Healthy,12.0030608487488,45.05085055169441,5548,24
Sample_245,Heart,Treated,Diseased,9.067578435612138,16.022907876468025,16640,15
Sample_246,Heart,Treated,Diseased,9.823497074537425,37.83648323510244,31437,18
Sample_247,Heart,Treated,Healthy,15.958109927602777,41.49569187194312,27145,15
Sample_248,Kidney,Treated,Diseased,9.777414184789386,43.654387596445254,12903,18
Sample_249,Heart,Treated,Diseased,13.532479720598811,49.6217406048875,23168,23
Sample_250,Brain,Control,Healthy,11.003975314777666,18.231786951799958,31863,9
Sample_251,Liver,Control,Diseased,8.892582013848301,36.960950386726665,48381,14
Sample_252,Heart,Control,Healthy,8.55853202564914,10.19299362263727,33548,21
Sample_253,Brain,Control,Diseased,9.985454810000586,23.306418111058225,13990,22
Sample_254,Heart,Control,Healthy,7.747053750506884,43.158726199066564,16467,16
Sample_255,Liver,Treated,Healthy,8.2722680672086,21.544612072659877,28901,26
Sample_256,Brain,Control,Diseased,9.15387879794844,31.599292124102632,28301,25
Sample_257,Brain,Treated,Diseased,10.586687083854459,27.66980496760853,42006,19
Sample_258,Liver,Control,Healthy,13.651994423482094,34.06781890004203,24644,22
Sample_259,Brain,Treated,Diseased,9.030091146403475,48.780247522446274,9367,13
Sample_260,Liver,Treated,Diseased,10.923036092756226,7.508098692563095,43419,19
Sample_261,Brain,Treated,Diseased,6.744204306835897,30.828268287573337,21204,19
Sample_262,Brain,Control,Healthy,12.120577281774633,43.836295066262814,24755,25
Sample_263,Liver,Control,Healthy,6.556634850146088,26.66222202867924,7093,19
Sample_264,Liver,Control,Healthy,11.596772944202868,8.533723367370776,9001,21
Sample_265,Brain,Control,Diseased,9.838150093436393,30.22427085875469,35783,20
Sample_266,Brain,Treated,Diseased,9.75869411452042,19.94332508707192,27940,22
Sample_267,Liver,Treated,Healthy,9.399470564162339,11.972380340207115,12810,12
Sample_268,Kidney,Treated,Healthy,7.397494751215804,43.206553097756284,49040,20
Sample_269,Liver,Treated,Diseased,7.503458980262394,28.471978084600472,42322,14
Sample_270,Brain,Control,Diseased,11.673040312077964,46.997438557058,31008,25
Sample_271,Brain,Treated,Diseased,10.023873560362777,41.270742707138105,23901,26
Sample_272,Brain,Control,Diseased,9.384886529637475,36.18373071981503,32433,16
Sample_273,Liver,Treated,Healthy,10.886795901272114,5.226147651439037,46465,18
Sample_274,Brain,Treated,Diseased,10.202620566442503,24.25205554872125,27189,22
Sample_275,Kidney,Treated,Diseased,8.41413690012024,13.886882674341454,33730,17
Sample_276,Heart,Control,Healthy,14.921992451685163,45.98590599719905,14236,22
Sample_277,Kidney,Control,Healthy,11.481512757006215,12.856279310436213,12061,18
Sample_278,Liver,Treated,Diseased,10.254137146719112,17.87270232466785,23588,16
Sample_279,Brain,Treated,Healthy,8.97277739557212,28.25765454805246,8902,17
Sample_280,Liver,Treated,Diseased,11.90551937838838,16.851362854913567,39120,24
Sample_281,Heart,Control,Diseased,8.424864260547809,14.443910477560452,39364,15
Sample_282,Liver,Control,Healthy,8.256450518061474,31.95946962962386,46535,19
Sample_283,Brain,Control,Healthy,13.386651271480766,9.001828523976073,38447,22
Sample_284,Heart,Treated,Diseased,10.061350352141417,7.617549142441613,33874,13
Sample_285,Heart,Control,Healthy,8.473301626569775,21.751038283373212,25096,20
Sample_286,Brain,Treated,Diseased,10.011371396079355,37.42990045285381,17020,23
Sample_287,Brain,Control,Diseased,11.700373107696752,29.96630412232766,49864,19
Sample_288,Brain,Treated,Diseased,11.242508907910384,24.029441081005046,49153,16
Sample_289,Liver,Treated,Healthy,11.948524526172903,30.458820390106208,46277,21
Sample_290,Kidney,Control,Diseased,7.500888194521039,21.445316809397312,26685,16
Sample_291,Liver,Treated,Diseased,11.898298323349689,47.12658509444508,43502,15
Sample_292,Liver,Treated,Diseased,9.641882447897707,7.470720090984845,20675,22
Sample_293,Kidney,Treated,Healthy,10.178201533407753,35.302616556342585,29365,21
Sample_294,Brain,Control,Diseased,12.41898898728956,45.10771991724877,27276,34
Sample_295,Brain,Treated,Diseased,11.405451346542579,41.17481189308641,17693,19
Sample_296,Kidney,Control,Diseased,10.702104961909358,13.281846566965104,28513,20
Sample_297,Kidney,Control,Healthy,6.032006633706091,18.316685704112977,28621,23
Sample_298,Liver,Treated,Diseased,9.908996289239427,37.26715724181971,28711,19
Sample_299,Heart,Control,Diseased,8.430649224859,8.792175163134448,45175,21
Sample_300,Kidney,Treated,Healthy,11.422090608794726,41.53377649246628,49554,16
Sample_301,Liver,Control,Healthy,11.981916374071323,37.350812507215565,32785,10
Sample_302,Heart,Treated,Diseased,9.395937954434473,37.83229921559042,7542,19
Sample_303,Brain,Control,Diseased,8.665917048422626,9.510861662041613,22062,23
Sample_304,Brain,Treated,Diseased,13.112601591031865,37.29922451673039,10366,24
Sample_305,Liver,Treated,Healthy,8.793704865972611,35.59181563489865,31465,18
Sample_306,Liver,Treated,Healthy,7.610924985927496,42.391512086983276,37286,27
Sample_307,Kidney,Treated,Diseased,8.334657693962113,6.871818031541128,45178,18
Sample_308,Brain,Control,Healthy,8.890001223771579,6.039980081050649,47603,19
Sample_309,Liver,Control,Diseased,8.277273894100905,21.785319494535234,18647,17
Sample_310,Brain,Treated,Diseased,11.690782766556145,11.695472773211879,43309,30
Sample_311,Brain,Control,Healthy,5.604173108851978,30.127301490659985,48201,28
Sample_312,Kidney,Treated,Diseased,8.234879177108942,46.2807005678037,48315,27
Sample_313,Heart,Treated,Healthy,9.905005109090274,22.61658786503071,14860,18
Sample_314,Kidney,Control,Healthy,10.420492440004587,43.02276697726719,15745,19
Sample_315,Liver,Control,Diseased,13.383669675049166,5.010839353303991,11818,26
Sample_316,Kidney,Treated,Healthy,13.090475425527373,12.58315895566329,19101,25
Sample_317,Kidney,Control,Diseased,6.7985256881109155,6.3690592844338525,10028,18
Sample_318,Brain,Treated,Healthy,6.183904118860841,19.76662312317809,37725,16
Sample_319,Kidney,Control,Diseased,10.049942524741997,45.868531806342624,48722,21
Sample_320,Liver,Control,Diseased,8.653629527073823,9.362845561954448,26087,24
Sample_321,Heart,Control,Diseased,7.615947316033629,32.28843995347101,14438,17
Sample_322,Kidney,Control,Healthy,10.032241794921308,25.31731726037499,23156,16
Sample_323,Kidney,Control,Diseased,10.461394636668869,47.23106955646156,23548,24
Sample_324,Heart,Treated,Healthy,8.322063120711645,10.513361414169223,44879,13
Sample_325,Liver,Control,Healthy,8.751830509925012,14.541253272600303,29767,19
Sample_326,Liver,Control,Healthy,8.4759169452247,6.329388587517197,43881,16
Sample_327,Kidney,Treated,Healthy,9.17701751755744,24.52708623341182,7563,24
Sample_328,Brain,Treated,Healthy,11.082888198779475,17.502480480409442,13498,23
Sample_329,Kidney,Treated,Diseased,7.844188277696826,44.14576702506444,13131,28
Sample_330,Heart,Control,Healthy,8.718630013004798,32.22233659389897,30107,24
Sample_331,Heart,Control,Diseased,9.201435713828996,32.634083208906574,33793,18
Sample_332,Heart,Treated,Diseased,9.98649518968972,28.93598135965861,7696,21
Sample_333,Kidney,Treated,Healthy,10.551968985824944,9.133265175314044,28705,29
Sample_334,Kidney,Treated,Diseased,14.084515681021584,25.025840767640986,28397,24
Sample_335,Liver,Treated,Diseased,11.14425143521678,49.97773353688324,12704,18
Sample_336,Brain,Control,Healthy,11.191862694078333,42.585318088070665,21442,19
Sample_337,Kidney,Control,Diseased,9.466773973440926,45.205657437520216,14765,13
Sample_338,Liver,Control,Healthy,8.040268408605135,42.04518616609248,15002,18
Sample_339,Kidney,Control,Healthy,8.943571970300436,9.63687620439422,16390,25
Sample_340,Liver,Control,Healthy,8.579335019570216,15.235171432915983,49436,19
Sample_341,Liver,Treated,Diseased,10.784461351109131,5.140474311038433,23946,20
Sample_342,Brain,Control,Diseased,6.697437152752534,18.657955619515015,11641,21
Sample_343,Kidney,Treated,Diseased,11.185067439174489,9.887333105592166,38709,20
Sample_344,Liver,Treated,Diseased,9.76552082112795,26.275700538571236,44309,19
Sample_345,Heart,Treated,Healthy,11.466696465378076,35.47073698582558,20624,28
Sample_346,Heart,Control,Healthy,8.552183621691453,44.35273827671347,14966,25
Sample_347,Heart,Treated,Diseased,8.197260570315509,38.71477242909042,28814,27
Sample_348,Brain,Control,Healthy,9.186662561923113,47.23635181003274,39189,16
Sample_349,Liver,Treated,Diseased,9.138701494492349,7.425423067720496,10765,27
Sample_350,Brain,Control,Healthy,11.61269682214986,5.548092593744364,35222,20
Sample_351,Kidney,Treated,Healthy,11.59360966611413,34.760215122629575,22223,15
Sample_352,Kidney,Control,Healthy,13.810046167070837,18.02085846000108,41769,23
Sample_353,Liver,Treated,Healthy,9.009015710964208,16.407545724759792,17647,22
Sample_354,Heart,Treated,Healthy,3.304898807024813,19.889918946220742,43016,26
Sample_355,Liver,Treated,Diseased,9.181154853938365,17.140822605156387,9959,14
Sample_356,Liver,Treated,Diseased,10.461315850416714,28.014638283571426,32257,22
Sample_357,Liver,Control,Healthy,11.429061382104338,24.80668012508596,36984,18
Sample_358,Brain,Control,Diseased,10.607208542567438,28.059284811949535,27212,19
Sample_359,Kidney,Control,Healthy,9.0074449338206,35.27211251751963,32215,18
Sample_360,Liver,Treated,Healthy,13.428328714831114,22.420872903701675,41657,19
Sample_361,Liver,Treated,Healthy,7.932528398875547,16.308845921397058,34057,18
Sample_362,Liver,Treated,Healthy,9.450710302876324,12.479024156393546,39094,15
Sample_363,Brain,Treated,Diseased,7.840180318278384,20.726335378968148,43669,11
Sample_364,Brain,Treated,Healthy,10.039153524180344,38.38129138607774,41126,21
Sample_365,Brain,Treated,Diseased,13.17801151754574,39.05172095501613,39353,20
Sample_366,Liver,Control,Healthy,9.718148152202374,35.01074240078947,18500,13
Sample_367,Heart,Control,Healthy,9.730400295813041,15.531267888809356,49328,20
Sample_368,Heart,Control,Diseased,6.608075983245482,31.463881063461397,21772,22
Sample_369,Heart,Control,Healthy,9.426015628418002,30.68103477095816,8332,24
Sample_370,Kidney,Control,Healthy,12.300974100066703,26.791978914937648,27218,16
Sample_371,Liver,Control,Diseased,9.49952766868585,29.74905438727389,40588,17
Sample_372,Heart,Control,Diseased,9.364419572175379,27.130578468065064,20472,31
Sample_373,Heart,Control,Diseased,12.211429151686586,30.44553647333487,9959,16
Sample_374,Heart,Treated,Healthy,9.37287177405887,37.197767957950795,22443,23
Sample_375,Liver,Treated,Healthy,12.584107264454246,9.933268748154788,30874,12
Sample_376,Heart,Treated,Diseased,7.4307208092245105,38.73315884670607,6301,24
Sample_377,Heart,Treated,Diseased,11.35570794968206,11.11487675574174,48319,21
Sample_378,Liver,Treated,Healthy,13.292658415390914,7.998259928466862,29080,9
Sample_379,Kidney,Treated,Healthy,12.015713794909827,48.92358587996604,25683,26
Sample_380,Brain,Treated,Diseased,6.2654528967294505,48.06462959916986,34656,22
Sample_381,Heart,Control,Diseased,8.723393517138232,7.719644522325382,27455,23
Sample_382,Brain,Control,Diseased,9.516096950684434,24.946404866373296,9112,21
Sample_383,Kidney,Treated,Diseased,12.019910993414161,13.381022223489863,49542,18
Sample_384,Kidney,Control,Healthy,7.3367637675771284,26.840520371048814,21882,26
Sample_385,Heart,Control,Healthy,7.962126659214704,42.35797593498143,37145,23
Sample_386,Liver,Control,Healthy,6.789697139640015,47.77752986343006,46388,19
Sample_387,Kidney,Control,Healthy,8.348399499824373,33.54136940531918,37735,16
Sample_388,Brain,Control,Diseased,7.4967866860553745,20.925755024531767,12245,17
Sample_389,Brain,Treated,Healthy,13.195811720392816,32.14965045400693,49599,26
Sample_390,Brain,Control,Diseased,8.705245458704068,19.040058774880265,7105,19
Sample_391,Brain,Treated,Healthy,11.381850584260016,45.94206383744272,47513,18
Sample_392,Kidney,Treated,Healthy,10.03593901443774,44.16802083976266,26711,19
Sample_393,Heart,Treated,Healthy,10.007922561849176,30.120428762584744,10630,26
Sample_394,Heart,Control,Diseased,8.817112360921122,19.615951192116224,8206,22
Sample_395,Brain,Treated,Healthy,11.540044974261416,18.202535401234027,23953,17
Sample_396,Heart,Treated,Diseased,10.308688465284682,6.503809761727676,40396,23
Sample_397,Brain,Treated,Diseased,10.193487825878094,41.711938296138285,15068,10
Sample_398,Brain,Treated,Healthy,8.813158779644153,25.267244586755357,18394,14
Sample_399,Liver,Control,Diseased,9.14044814769396,19.6309817780119,6067,15
Sample_400,Kidney,Treated,Healthy,11.177822235150849,26.199965974898927,20245,25
Sample_401,Kidney,Treated,Diseased,10.460111223091001,41.843209570459344,14859,23
Sample_402,Brain,Treated,Healthy,10.24694462901708,10.607639346838454,34164,26
Sample_403,Kidney,Treated,Diseased,8.491915016664905,43.59451947088223,44410,22
Sample_404,Heart,Control,Diseased,13.88821540705099,45.38789757987593,20377,27
Sample_405,Brain,Treated,Healthy,9.040586520884354,47.60185617652497,41834,16
Sample_406,Liver,Treated,Healthy,9.93949467654916,22.88695965901825,38715,30
Sample_407,Heart,Treated,Healthy,9.625932742250559,14.771318181695234,25773,18
Sample_408,Liver,Treated,Healthy,13.909422394522576,21.81383683100143,38939,24
Sample_409,Liver,Treated,Diseased,9.418370774584826,19.981044330413148,11114,24
Sample_410,Kidney,Treated,Diseased,9.235316118048694,12.926926062628702,37939,16
Sample_411,Kidney,Control,Diseased,10.236622296233339,32.32700015456696,17818,12
Sample_412,Brain,Treated,Diseased,8.61291822107563,26.4480872228883,14335,19
Sample_413,Kidney,Control,Healthy,10.223199433803028,43.95654465458016,47819,30
Sample_414,Liver,Control,Diseased,14.74320716033554,6.444931121692621,11209,30
Sample_415,Liver,Treated,Healthy,10.599391111102182,33.97405673998068,48148,23
Sample_416,Heart,Control,Diseased,10.526491843453163,39.332699533020254,8577,13
Sample_417,Liver,Treated,Healthy,8.564190214181576,39.17689561347382,13380,21
Sample_418,Brain,Control,Healthy,13.418414308705927,44.87332851929863,9076,26
Sample_419,Brain,Treated,Healthy,13.878065401595958,37.806518427327234,37925,14
Sample_420,Kidney,Control,Healthy,11.705360751654021,46.75145277414634,45545,14
Sample_421,Kidney,Control,Healthy,11.307666446124758,19.969546991940113,46205,21
Sample_422,Kidney,Treated,Diseased,9.530469297122366,27.64442375381944,16095,20
Sample_423,Brain,Control,Healthy,10.782675161689244,5.633584847730081,24179,22
Sample_424,Liver,Control,Diseased,8.329684790274985,5.313091428648105,44968,20
Sample_425,Kidney,Control,Diseased,7.7477720484425205,15.805697920318394,33400,15
Sample_426,Heart,Control,Healthy,7.025280166548514,9.536323871258837,23761,22
Sample_427,Kidney,Control,Diseased,10.821347946549597,16.70951155710891,46809,14
Sample_428,Brain,Treated,Diseased,7.243251055358623,12.966948253777883,6810,17
Sample_429,Kidney,Control,Diseased,9.000729193775033,6.283401117739171,26574,19
Sample_430,Liver,Control,Healthy,9.877541249596046,45.91868658827222,33562,23
Sample_431,Kidney,Treated,Healthy,11.990580799044062,5.3700409125001185,45663,21
Sample_432,Brain,Treated,Healthy,8.84355966675816,38.12369649516884,23510,29
Sample_433,Brain,Treated,Healthy,12.226544625478786,11.846654911378245,11953,17
Sample_434,Heart,Control,Diseased,11.878317826288363,46.050332989982,44091,19
Sample_435,Brain,Control,Diseased,7.857383344658051,45.17581728154486,27131,20
Sample_436,Heart,Control,Diseased,12.245650987770551,34.42555158661658,31883,22
Sample_437,Liver,Control,Diseased,9.432837755716928,35.25053674102723,43373,11
Sample_438,Brain,Treated,Diseased,9.002097752548163,5.240261388635984,10891,18
Sample_439,Kidney,Treated,Diseased,9.44129344917335,49.31922047511209,40844,17
Sample_440,Liver,Control,Healthy,9.992988546482652,44.50246716091165,23728,20
Sample_441,Kidney,Control,Diseased,9.16991079912473,45.27978015785414,38387,22
Sample_442,Kidney,Control,Diseased,8.320616679277505,34.66600416728924,16094,21
Sample_443,Kidney,Control,Diseased,8.497488812610653,20.51541178945414,7407,19
Sample_444,Liver,Treated,Healthy,10.277885619408032,45.214189209071634,17644,20
Sample_445,Liver,Treated,Diseased,9.679072896365911,18.118261766803656,40772,24
Sample_446,Brain,Control,Diseased,11.054619386799127,30.32201945039913,25298,18
Sample_447,Kidney,Treated,Healthy,10.104725794406525,9.487893755474708,48446,24
Sample_448,Heart,Control,Diseased,10.154027991967517,46.48800335597376,41807,24
Sample_449,Brain,Control,Healthy,11.185624469668575,11.3346705997046,39072,21
Sample_450,Liver,Treated,Healthy,12.837836143825369,15.120356257868327,43398,18
Sample_451,Heart,Control,Diseased,12.918044696583777,30.116037115769675,33669,19
Sample_452,Liver,Treated,Diseased,12.680812840228436,39.38418500958417,35161,16
Sample_453,Heart,Control,Healthy,11.740898339482616,32.870808767133454,12282,22
Sample_454,Brain,Treated,Diseased,14.170821244184298,15.446026076007028,31539,19
Sample_455,Heart,Control,Diseased,10.875647532487145,5.042436913737065,8307,11
Sample_456,Brain,Treated,Healthy,10.651091630644144,39.071776113834765,22745,24
Sample_457,Liver,Control,Healthy,14.4878425510061,49.33432966599922,44433,18
Sample_458,Heart,Control,Diseased,4.548062299801049,41.446090413774066,42062,19
Sample_459,Kidney,Treated,Healthy,9.572207022711362,25.70929781704769,39555,21
Sample_460,Kidney,Control,Diseased,12.5049914583,45.6695267629598,6073,25
Sample_461,Liver,Treated,Diseased,11.960525905443367,23.443145290325752,37683,18
Sample_462,Heart,Treated,Diseased,15.131303149671261,28.62203379095604,30741,23
Sample_463,Kidney,Control,Diseased,10.214971436662838,26.470839532805748,27286,17
Sample_464,Brain,Control,Healthy,9.138364795223609,25.143074269948624,8599,25
Sample_465,Heart,Control,Diseased,9.33583050665161,39.88358461822576,32293,23
Sample_466,Heart,Control,Healthy,10.636136325722495,28.70460082712714,20389,17
Sample_467,Kidney,Treated,Diseased,13.243295191902643,19.252270491134723,49113,16
Sample_468,Brain,Control,Diseased,13.268282017770982,16.617117544631526,17318,16
Sample_469,Brain,Control,Healthy,9.887970656332657,6.698629263534502,8055,19
Sample_470,Brain,Control,Diseased,10.506016973355583,31.24378228473707,22043,17
Sample_471,Heart,Treated,Healthy,8.776796841594273,15.348263693046539,11320,24
Sample_472,Liver,Control,Healthy,8.98556890478891,11.666026490737238,44281,26
Sample_473,Heart,Treated,Diseased,12.092514426874345,34.422348372245494,9642,26
Sample_474,Heart,Control,Diseased,13.204422777463352,35.6544166019697,32158,19
Sample_475,Kidney,Treated,Diseased,8.605432639060371,38.84697015159497,14321,17
Sample_476,Liver,Control,Diseased,10.485912704262702,27.660960335236616,19432,18
Sample_477,Brain,Control,Healthy,9.513843887841585,45.232457234174895,27757,18
Sample_478,Kidney,Treated,Diseased,11.727743319104013,47.13542390292025,42234,18
Sample_479,Heart,Control,Diseased,9.22296795528709,41.331692290662026,31044,19
Sample_480,Liver,Control,Diseased,6.147090121080904,33.601706690368424,26971,15
Sample_481,Brain,Control,Diseased,12.007381422224004,18.66744291160349,49226,25
Sample_482,Brain,Treated,Diseased,9.393032740286522,49.23252147290995,30727,26
Sample_483,Heart,Control,Healthy,9.60111256822389,17.336127523637224,27559,22
Sample_484,Brain,Treated,Diseased,10.871175833383678,14.119561489569397,13284,17
Sample_485,Brain,Treated,Healthy,10.70566728630524,24.896935120396225,48526,24
Sample_486,Liver,Treated,Diseased,10.912243317504778,7.557825682057481,22665,20
Sample_487,Kidney,Control,Diseased,6.7405336695076095,49.03225091023059,32476,23
Sample_488,Liver,Treated,Diseased,11.112618024072985,31.479510038739118,15991,20
Sample_489,Kidney,Treated,Healthy,6.181887299297731,30.062844124887885,24561,22
Sample_490,Kidney,Control,Diseased,11.539130287562015,34.51083259548739,9511,24
Sample_491,Kidney,Treated,Healthy,12.236762564221161,27.3660641499743,15796,24
Sample_492,Brain,Treated,Healthy,7.262959714549567,6.442858269254371,8881,19
Sample_493,Liver,Control,Diseased,10.656865981163097,32.554007997817855,20668,24
Sample_494,Brain,Control,Healthy,12.114358259228865,37.227824463039376,40181,27
Sample_495,Heart,Treated,Diseased,9.101992759256934,23.753707728082393,39312,27
Sample_496,Liver,Control,Diseased,11.347272731417247,39.078300743203684,33106,22
Sample_497,Kidney,Control,Healthy,4.429188254548638,15.215058470228927,32222,20
Sample_498,Brain,Control,Diseased,12.196392236486822,14.957446597978281,20729,20
Sample_499,Brain,Treated,Diseased,10.059988477386351,12.263764445940827,9784,18
Sample_500,Liver,Treated,Healthy,9.484341246727935,21.739764190512282,43394,21
Sample_501,Liver,Control,Healthy,11.96808290580896,43.11554159250876,42282,15
Sample_502,Kidney,Treated,Healthy,13.458579351447954,42.256042796707895,38913,18
Sample_503,Kidney,Control,Healthy,10.971431682707994,22.22708935835767,14102,27
Sample_504,Heart,Control,Healthy,13.217427766097789,31.510343119110644,49266,22
Sample_505,Kidney,Control,Healthy,6.8934334949460405,37.436734241371205,43218,20
Sample_506,Brain,Control,Diseased,11.33189767566813,15.854304858261035,22950,16
Sample_507,Heart,Control,Healthy,9.735992294291455,12.566348865263619,9507,18
Sample_508,Heart,Treated,Healthy,8.423561790567366,48.744319694553994,42016,22
Sample_509,Heart,Treated,Diseased,6.1426371302743155,32.79007909443283,18523,17
Sample_510,Liver,Treated,Diseased,11.223574098005326,49.16370748251487,29667,22
Sample_511,Kidney,Treated,Healthy,11.750580106833057,20.199019420950307,8992,21
Sample_512,Heart,Control,Healthy,12.684045501986494,36.63642649883592,46290,14
Sample_513,Liver,Control,Diseased,12.352980875270063,15.017163644355698,13027,20
Sample_514,Liver,Treated,Healthy,8.456580625883259,16.754007707326082,27144,15
Sample_515,Heart,Treated,Healthy,12.581411030624261,28.03559545713308,30530,13
Sample_516,Heart,Control,Diseased,12.792695007823689,19.382815647863204,49740,20
Sample_517,Brain,Control,Healthy,9.480032149494589,12.5429703728263,20305,21
Sample_518,Heart,Control,Diseased,10.056856527423438,16.82963158951967,48561,23
Sample_519,Brain,Treated,Healthy,8.131691585900917,6.608677750963909,26731,21
Sample_520,Heart,Control,Diseased,12.961772581306665,36.6990629664869,25673,19
Sample_521,Heart,Control,Diseased,6.976425708062129,27.145249568863772,38297,21
Sample_522,Kidney,Treated,Diseased,11.069941344727539,9.240937988203653,30842,17
Sample_523,Heart,Treated,Healthy,8.806341623768574,12.726229690782105,28827,21
Sample_524,Heart,Treated,Diseased,7.784294360886978,9.61405421506898,42502,13
Sample_525,Brain,Control,Healthy,6.250543438877184,32.56667637241444,31173,17
Sample_526,Brain,Control,Diseased,9.569187744058013,9.23946636256222,23909,17
Sample_527,Kidney,Treated,Diseased,7.4708297708041895,38.94270498658472,36007,10
Sample_528,Heart,Control,Diseased,10.112838906547609,5.922991369417603,17985,22
Sample_529,Heart,Control,Healthy,13.53867464680125,16.221910459815145,27525,21
Sample_530,Brain,Control,Healthy,10.399014652877776,45.08000041513582,40510,10
Sample_531,Liver,Treated,Diseased,13.994561004569297,37.333909315501074,42403,20
Sample_532,Liver,Treated,Healthy,8.035453493043693,8.283574981655947,42193,19
Sample_533,Liver,Control,Healthy,7.438118400001304,41.95067470183309,46429,26
Sample_534,Brain,Control,Healthy,7.945968823543444,27.186580469309217,8830,20
Sample_535,Brain,Control,Diseased,9.869798922489391,43.10523622259731,5533,15
Sample_536,Liver,Control,Healthy,15.445897375448606,32.03328985026771,25946,16
Sample_537,Liver,Treated,Diseased,6.675770572897118,35.682486441478645,28504,21
Sample_538,Heart,Treated,Diseased,11.23932623632485,49.70757021780687,33255,26
Sample_539,Brain,Control,Diseased,8.600069327918932,15.455099566580818,41855,23
Sample_540,Brain,Control,Healthy,9.552393897898074,33.07755086426248,46721,26
Sample_541,Liver,Treated,Diseased,7.483960177467326,25.714462552582926,46850,16
Sample_542,Liver,Control,Healthy,11.758276648079079,6.775337881521114,40123,19
Sample_543,Kidney,Treated,Healthy,9.912149734089756,5.651178867628927,39723,16
Sample_544,Brain,Control,Diseased,12.174907101388332,10.36528600180364,40739,25
Sample_545,Kidney,Treated,Diseased,10.350490388065122,34.20912832423467,10539,24
Sample_546,Heart,Control,Diseased,6.13675204564625,30.52233895610265,12493,23
Sample_547,Kidney,Control,Healthy,12.193085591950428,29.904330252367735,40604,23
Sample_548,Liver,Treated,Healthy,5.973998735380639,6.433554313771704,26311,16
Sample_549,Brain,Treated,Diseased,6.260194634167176,26.118634836200318,42707,18
Sample_550,Brain,Control,Diseased,8.165594639736728,46.608026802913784,8644,23
Sample_551,Kidney,Control,Healthy,8.192288916095327,22.8916341189791,25445,24
Sample_552,Kidney,Treated,Healthy,12.792042730762965,33.121511140480536,40934,16
Sample_553,Heart,Treated,Diseased,9.657687226499272,40.09184040304146,14511,23
Sample_554,Heart,Control,Healthy,12.494770583949325,40.276637561384945,5183,19
Sample_555,Liver,Control,Healthy,8.864165042828095,28.36760370778721,14475,22
Sample_556,Liver,Treated,Healthy,10.63529273802127,43.607837543105134,24230,24
Sample_557,Liver,Treated,Healthy,10.948084623024412,22.612014201368613,31008,20
Sample_558,Kidney,Treated,Healthy,11.392130834154099,44.99119466531592,16332,25
Sample_559,Kidney,Treated,Healthy,9.070147651168325,15.810222487799539,47756,15
Sample_560,Brain,Treated,Diseased,9.244290222430212,17.609738314575697,9722,23
Sample_561,Liver,Control,Healthy,9.403738841468313,7.3904280889550495,20194,16
Sample_562,Kidney,Control,Diseased,6.695175219406392,40.80118264440273,31631,16
Sample_563,Brain,Treated,Diseased,9.832196273463406,23.76748563047175,32912,21
Sample_564,Liver,Control,Healthy,9.23263148984744,15.310247626012957,22166,21
Sample_565,Heart,Control,Diseased,11.160145788155107,15.430562492746084,20976,30
Sample_566,Heart,Treated,Diseased,10.182602342119337,45.562997355315495,43623,21
Sample_567,Kidney,Control,Diseased,12.672763606906376,42.52624702074666,17046,18
Sample_568,Brain,Control,Healthy,10.140176950417134,29.90888984107325,38444,20
Sample_569,Heart,Control,Diseased,8.875588607559472,32.72498601870745,28634,17
Sample_570,Brain,Treated,Healthy,10.115394444331569,26.344650674763095,9090,23
Sample_571,Brain,Treated,Diseased,11.448334481754328,22.624994429546398,35008,22
Sample_572,Heart,Control,Diseased,6.4535851844219065,46.19645965482491,27107,22
Sample_573,Brain,Control,Diseased,8.569502962364819,10.652571658413592,13382,18
Sample_574,Heart,Control,Diseased,8.611646528229297,23.830105537230256,14034,17
Sample_575,Kidney,Control,Healthy,10.821980405755001,20.50528585945439,13526,19
Sample_576,Liver,Control,Diseased,11.0545730793839,27.416782411301675,29073,17
Sample_577,Liver,Control,Diseased,10.202455455669789,25.593434354532878,6110,25
Sample_578,Kidney,Treated,Healthy,5.042723761744154,28.350028924298663,21445,21
Sample_579,Heart,Control,Healthy,6.696163633616425,11.296353975214734,5386,18
Sample_580,Heart,Control,Healthy,9.522136357085758,28.091367568097468,23584,15
Sample_581,Heart,Treated,Diseased,8.997061153283052,15.90884662492449,39451,21
Sample_582,Heart,Control,Healthy,10.010740757672005,13.294910704468606,35549,14
Sample_583,Kidney,Control,Healthy,9.061203675129049,7.917539845378605,11321,22
Sample_584,Liver,Control,Healthy,13.063284932298075,39.31936514402634,29440,23
Sample_585,Brain,Control,Healthy,5.412116830306957,24.2348864385452,36566,19
Sample_586,Brain,Treated,Healthy,10.605255263059629,33.19896574902913,46446,15
Sample_587,Liver,Control,Healthy,11.656020812326945,37.74170044871345,37521,20
Sample_588,Kidney,Treated,Diseased,11.403076916716799,35.56924993910991,49692,23
Sample_589,Brain,Control,Healthy,11.57454597600237,26.172532359035703,28798,18
Sample_590,Liver,Control,Diseased,11.862231816781868,22.45543380282784,18565,16
Sample_591,Kidney,Treated,Healthy,8.792040226785552,21.918195933829868,28027,20
Sample_592,Brain,Control,Healthy,7.797032486046086,33.80219586185254,46500,24
Sample_593,Heart,Treated,Healthy,5.930636654610655,27.265745972384302,37095,21
Sample_594,Heart,Treated,Diseased,9.27479433264061,43.210951159482974,10631,13
Sample_595,Kidney,Treated,Healthy,8.44493375209029,44.36158929470204,29329,23
Sample_596,Heart,Control,Healthy,12.323217627314275,12.67521701029333,48020,13
Sample_597,Kidney,Control,Healthy,9.42488377969773,11.130514319557655,42937,18
Sample_598,Liver,Control,Healthy,7.939188525544884,33.36804167161998,11787,19
Sample_599,Liver,Control,Diseased,7.622929092077799,18.555158662802576,43000,16
Sample_600,Brain,Treated,Diseased,13.977640107567588,5.835682344429449,31875,17
Sample_601,Kidney,Control,Diseased,9.955827370016845,44.98892012133298,29514,24
Sample_602,Brain,Control,Diseased,8.436991073452113,15.210534525971372,27580,12
Sample_603,Brain,Treated,Diseased,10.248083615544044,46.81762932586141,25291,19
Sample_604,Liver,Treated,Healthy,13.793778312330142,37.28455028952141,9288,16
Sample_605,Brain,Control,Healthy,9.220638715400888,39.31940704601679,11734,31
Sample_606,Heart,Treated,Healthy,11.374021418896394,14.06576731069222,22464,20
Sample_607,Brain,Treated,Diseased,12.372922074660648,15.538749152756582,44008,24
Sample_608,Kidney,Treated,Healthy,6.217152216300187,28.457048922082958,12814,31
Sample_609,Heart,Treated,Diseased,8.723175162660922,12.744493369243798,48154,20
Sample_610,Liver,Treated,Healthy,12.122173256317726,18.744426170736453,12851,20
Sample_611,Kidney,Control,Diseased,8.601393121794988,19.465811507651203,6600,22
Sample_612,Heart,Control,Healthy,10.829250798534567,12.183346996374384,11866,18
Sample_613,Kidney,Control,Healthy,8.48303680175038,14.233227502782233,8692,21
Sample_614,Heart,Control,Healthy,9.108896192976147,40.48483289037154,25373,14
Sample_615,Kidney,Control,Healthy,8.865272388785787,12.523813454627078,38100,19
Sample_616,Kidney,Control,Diseased,11.273340307391663,6.280582632976512,19847,20
Sample_617,Heart,Control,Healthy,10.403160228399186,33.32097241830223,19507,19
Sample_618,Liver,Treated,Healthy,10.19771889002204,48.91924037266025,14963,21
Sample_619,Liver,Control,Healthy,15.014990475717667,19.904621658040462,11106,32
Sample_620,Kidney,Control,Diseased,13.479394814240134,10.339506643831353,12333,21
Sample_621,Kidney,Control,Healthy,6.037512758892439,30.667429641538885,36913,22
Sample_622,Liver,Treated,Healthy,9.113180653562903,45.78593949930408,36283,17
Sample_623,Liver,Control,Healthy,14.852927349213983,40.28278009228155,44423,32
Sample_624,Brain,Control,Healthy,8.850819938623916,33.01321407857222,43076,17
Sample_625,Liver,Treated,Healthy,14.17549197175029,19.177542347341973,34815,23
Sample_626,Kidney,Control,Diseased,9.14734637026348,29.384607797429897,25584,13
Sample_627,Heart,Control,Diseased,9.532004858906873,9.10601785869149,30382,19
Sample_628,Liver,Treated,Diseased,11.727142718271624,35.55254409263014,6064,20
Sample_629,Brain,Control,Healthy,9.819585649984328,37.629320850394286,46848,19
Sample_630,Brain,Treated,Diseased,10.989249279148572,48.426423030946346,48883,19
Sample_631,Brain,Control,Healthy,13.149897398615277,16.717881143528224,11820,18
Sample_632,Heart,Control,Healthy,11.517601867951537,5.830538856936019,13512,26
Sample_633,Liver,Control,Healthy,10.2830642642994,29.552380899221777,41725,27
Sample_634,Liver,Treated,Healthy,13.347053683435185,36.80557269785665,24615,21
Sample_635,Liver,Treated,Diseased,11.753374951750198,40.56833641473446,44776,18
Sample_636,Heart,Treated,Diseased,8.532913673805304,13.718251986116478,22884,17
Sample_637,Heart,Control,Diseased,13.960150466888038,16.778879106666064,22952,24
Sample_638,Kidney,Control,Healthy,11.284731184100357,28.066591637028335,14711,25
Sample_639,Brain,Treated,Diseased,9.572646462260277,19.87703644865008,25473,20
Sample_640,Brain,Treated,Diseased,5.958364830828105,43.72301689643503,23249,22
Sample_641,Liver,Control,Healthy,7.2448472398706665,26.31920691824241,14597,16
Sample_642,Heart,Control,Diseased,13.400269820799874,40.981038984590135,26984,19
Sample_643,Heart,Control,Healthy,13.4793305039409,31.127889221705917,21388,14
Sample_644,Liver,Control,Diseased,10.17056813746648,39.78905637277004,45727,21
Sample_645,Liver,Treated,Diseased,6.459511648049027,19.970284393864574,23782,24
Sample_646,Kidney,Control,Diseased,7.826049492698788,42.413747986864,11608,12
Sample_647,Brain,Control,Healthy,6.752463295900844,17.35575419979597,38115,18
Sample_648,Brain,Control,Diseased,6.679777480172479,29.574446360148087,47773,11
Sample_649,Brain,Control,Diseased,14.053604737873812,14.63032009282434,11500,27
Sample_650,Kidney,Control,Diseased,14.119835816828948,26.3986934731787,40342,24
Sample_651,Liver,Control,Diseased,7.758305692868861,19.31788442789164,25209,16
Sample_652,Liver,Control,Healthy,9.9825300482048,17.00165437867464,25977,25
Sample_653,Brain,Treated,Healthy,7.430407680136394,48.514325811261685,43040,21
Sample_654,Brain,Treated,Diseased,9.969523906999827,12.203334746902879,46462,21
Sample_655,Kidney,Treated,Diseased,13.278607766738192,40.429662685582784,8521,14
Sample_656,Heart,Control,Diseased,12.15743810160603,49.287423176744674,6300,19
Sample_657,Heart,Treated,Healthy,11.617325530994574,5.895566768303502,32075,14
Sample_658,Brain,Control,Diseased,9.611640525474272,36.45623363189428,28979,21
Sample_659,Kidney,Control,Diseased,12.52393423199273,16.38103125003292,35802,10
Sample_660,Brain,Control,Healthy,11.293337493166662,6.8219520947737,17225,22
Sample_661,Heart,Control,Healthy,10.80783116263144,23.130031053048388,16481,21
Sample_662,Brain,Treated,Healthy,9.76918132360043,47.08480145768937,26217,29
Sample_663,Heart,Control,Diseased,10.636745879029332,5.529429246514896,49813,26
Sample_664,Heart,Control,Healthy,10.576503155738653,31.454856136840174,42153,22
Sample_665,Heart,Treated,Healthy,8.917136709851478,27.562841536789595,19755,15
Sample_666,Liver,Treated,Diseased,8.450166932545468,44.30228739669714,29914,10
Sample_667,Liver,Treated,Healthy,8.00618607933922,8.780077153428154,40592,28
Sample_668,Brain,Control,Diseased,8.134273776412813,35.668671344899266,31269,11
Sample_669,Heart,Treated,Diseased,9.623794248909897,35.60493642949748,43732,25
Sample_670,Liver,Control,Healthy,9.294630202008836,35.108600758802744,29555,18
Sample_671,Brain,Control,Diseased,8.758532506794888,47.40505227207667,24874,14
Sample_672,Brain,Treated,Healthy,8.610437050529669,42.03893880530962,41535,24
Sample_673,Brain,Treated,Healthy,10.583760052232632,6.8887726809577705,12925,25
Sample_674,Brain,Treated,Healthy,12.755214894348612,26.198728281703094,8107,15
Sample_675,Brain,Control,Diseased,9.978168637853102,22.907887529060005,25852,21
Sample_676,Kidney,Control,Healthy,9.847338399918462,18.95662494908609,35183,15
Sample_677,Heart,Control,Diseased,8.13022661457326,25.31015263193438,32617,23
Sample_678,Brain,Control,Diseased,9.553860376418585,22.288738321668987,13722,25
Sample_679,Kidney,Control,Diseased,12.380672681218737,24.45502549453994,27631,17
Sample_680,Heart,Control,Healthy,12.074922207017945,49.06678395238891,36622,21
Sample_681,Liver,Treated,Diseased,11.93594748854867,8.988483863731133,12883,23
Sample_682,Brain,Control,Diseased,11.871737658439685,46.50038914274284,24708,22
Sample_683,Kidney,Treated,Healthy,10.87346511112967,26.610652106196202,22197,19
Sample_684,Liver,Treated,Healthy,10.802414326965991,33.068401047479355,26134,26
Sample_685,Kidney,Treated,Diseased,10.489500653369548,42.35823349779622,45386,22
Sample_686,Heart,Treated,Diseased,9.166229439894972,21.2208363117165,38550,20
Sample_687,Heart,Treated,Healthy,10.16739879723102,24.36898586395851,19642,17
Sample_688,Liver,Control,Diseased,10.431199367411734,23.428331612542127,25439,24
Sample_689,Kidney,Control,Diseased,11.266337206632103,21.862896014109193,37243,23
Sample_690,Brain,Control,Diseased,10.20051297409032,46.64881947411027,45557,21
Sample_691,Brain,Control,Diseased,14.210322761944836,42.301845103685544,29583,16
Sample_692,Liver,Treated,Healthy,7.580375605884177,9.904999543833924,33349,15
Sample_693,Liver,Treated,Diseased,11.508951399541399,9.865550861469321,19002,15
Sample_694,Liver,Treated,Healthy,9.917512586721893,24.254128168384604,24523,15
Sample_695,Kidney,Control,Diseased,10.004292564253085,9.439581952976408,49749,21
Sample_696,Brain,Control,Healthy,8.374848435378384,32.85918928720038,10007,14
Sample_697,Brain,Control,Diseased,12.03868653449737,11.466122326778027,25435,23
Sample_698,Brain,Control,Healthy,11.305683068642315,28.506796878506048,45343,16
Sample_699,Liver,Treated,Diseased,11.667274793607383,5.324897615167298,30093,19
Sample_700,Brain,Treated,Healthy,10.338490809637928,19.246835678569102,16294,15
Sample_701,Heart,Control,Diseased,9.35021037071955,35.473582565269496,43405,24
Sample_702,Liver,Control,Diseased,9.866876902911086,26.78175231025318,15908,18
Sample_703,Brain,Treated,Healthy,10.866931300111279,49.02212686995446,17699,17
Sample_704,Kidney,Treated,Healthy,5.9888476541605185,44.33467082297948,39633,13
Sample_705,Liver,Treated,Healthy,11.745865735150915,21.158185056941804,6376,23
Sample_706,Heart,Treated,Healthy,14.852385629366132,7.046894366252356,19255,18
Sample_707,Heart,Control,Healthy,10.960670093906954,43.053183505175845,18647,17
Sample_708,Kidney,Treated,Diseased,9.438146751584451,46.00554396416021,43176,18
Sample_709,Kidney,Treated,Healthy,9.677529490641462,41.92823270385666,13163,24
Sample_710,Liver,Treated,Healthy,11.415084701868338,10.757747341389418,44051,17
Sample_711,Liver,Treated,Diseased,9.483422673369763,49.906181048552945,39744,25
Sample_712,Heart,Control,Healthy,11.737350542678355,16.636289969874824,11443,24
Sample_713,Kidney,Control,Healthy,9.651718565739513,37.58922107637665,18324,36
Sample_714,Liver,Control,Healthy,13.428366933248675,45.86156943510747,26143,18
Sample_715,Heart,Control,Diseased,13.373192272044376,15.605920144881924,45363,18
Sample_716,Kidney,Control,Healthy,9.339660664118117,45.87163496046797,9920,25
Sample_717,Heart,Control,Diseased,9.8379523265224,18.926671063769014,22375,7
Sample_718,Brain,Treated,Diseased,9.95526227624332,48.93859500728253,42996,18
Sample_719,Kidney,Treated,Healthy,9.98206734847252,17.656700917121356,16748,20
Sample_720,Liver,Treated,Diseased,8.105141909878647,47.904612114102584,33535,21
Sample_721,Liver,Treated,Healthy,7.825478631451295,7.409509290170371,20715,22
Sample_722,Brain,Control,Healthy,12.499515143095913,36.91724052514159,11450,28
Sample_723,Kidney,Treated,Healthy,12.179574028408334,28.945001022665167,30010,20
Sample_724,Heart,Control,Healthy,12.145041428354542,26.50446847052288,5020,19
Sample_725,Liver,Treated,Healthy,9.861243266119342,15.057244141512799,19717,25
Sample_726,Brain,Treated,Diseased,13.78402353997939,36.75181053994214,47885,21
Sample_727,Brain,Treated,Diseased,9.955062046650866,13.58642711508382,14664,17
Sample_728,Kidney,Control,Diseased,11.725752347799482,29.87788081931457,6099,22
Sample_729,Kidney,Treated,Diseased,7.222755970930032,16.396041336811287,28225,24
Sample_730,Liver,Control,Healthy,9.5405293370043,48.00296209016103,7637,19
Sample_731,Brain,Control,Healthy,9.688357888852366,6.288403722604377,46349,18
Sample_732,Heart,Treated,Diseased,9.86902492395677,13.987772605005645,45512,23
Sample_733,Brain,Control,Healthy,7.349002064008628,15.903977287435147,24797,20
Sample_734,Heart,Control,Diseased,11.407761855648515,23.633052159551738,45225,18
Sample_735,Heart,Treated,Diseased,12.057220622606756,15.472860884152409,15807,17
Sample_736,Liver,Treated,Diseased,8.512281221754169,27.110709062095335,22738,12
Sample_737,Brain,Treated,Diseased,7.705316967357342,44.26094854663425,11402,20
Sample_738,Heart,Treated,Healthy,8.462116750212155,37.04285396341268,9521,17
Sample_739,Kidney,Treated,Healthy,10.990997338280362,31.098289124079997,13382,23
Sample_740,Heart,Treated,Diseased,8.806793290183291,9.005143009220584,42121,24
Sample_741,Kidney,Control,Diseased,9.731869500727248,36.2296448775174,20065,21
Sample_742,Kidney,Treated,Diseased,7.85307851059461,12.488642793992295,24934,20
Sample_743,Brain,Treated,Diseased,13.958572811002927,40.386532368276406,19425,11
Sample_744,Kidney,Control,Diseased,10.146397256325566,16.252554132956895,18111,21
Sample_745,Heart,Treated,Healthy,12.299430658453261,23.76719277444054,45799,25
Sample_746,Kidney,Control,Diseased,10.986339668477674,20.771159104306754,20510,24
Sample_747,Brain,Treated,Diseased,9.916239890069862,43.646626160368555,42851,18
Sample_748,Liver,Treated,Healthy,9.812675350221445,10.694500642103366,13816,15
Sample_749,Heart,Control,Healthy,8.54951264672443,30.45401970731549,17317,21
Sample_750,Heart,Treated,Healthy,9.09907369823255,11.3927724249378,7175,28
Sample_751,Brain,Control,Healthy,7.984395336802991,36.7158126259484,16341,11
Sample_752,Brain,Treated,Healthy,7.76626805613411,45.728515750751654,30654,19
Sample_753,Brain,Treated,Healthy,14.172750835102704,24.557344424026404,26608,18
Sample_754,Brain,Control,Healthy,10.557824730163885,26.964151711923915,22579,25
Sample_755,Heart,Treated,Healthy,12.93143448340812,46.7340276417243,35194,15
Sample_756,Liver,Treated,Healthy,8.411875485927956,28.444612489221072,39837,18
Sample_757,Kidney,Control,Diseased,7.496792815070512,26.94192971223024,8358,13
Sample_758,Kidney,Treated,Healthy,8.044443578082298,31.024809621693688,23822,20
Sample_759,Liver,Control,Diseased,9.155856229820609,36.015338136332836,46576,20
Sample_760,Liver,Treated,Diseased,10.07299986365232,9.809751878916412,42012,12
Sample_761,Liver,Control,Diseased,9.698126766312015,41.94997374836822,24727,25
Sample_762,Brain,Treated,Diseased,8.453618063026743,24.597726235396667,39579,12
Sample_763,Heart,Control,Diseased,10.175430018635527,8.255682945386848,36018,16
Sample_764,Heart,Control,Diseased,10.350772249079894,40.37822011391959,21555,29
Sample_765,Heart,Treated,Diseased,11.404552855103157,21.962748725882243,10906,23
Sample_766,Brain,Treated,Diseased,12.940864606025077,9.516537279277427,45751,14
Sample_767,Heart,Control,Healthy,9.272212420982154,33.52005677944628,9063,17
Sample_768,Brain,Treated,Diseased,12.430961187269265,44.60591090451388,48214,16
Sample_769,Heart,Control,Diseased,10.131875186855973,44.948907923629385,13644,25
Sample_770,Liver,Treated,Diseased,6.945362025164437,48.094856366403796,47378,14
Sample_771,Kidney,Treated,Diseased,13.566541620791675,44.04674568950096,13142,16
Sample_772,Kidney,Control,Healthy,14.545072883799381,5.096341370546385,36644,22
Sample_773,Brain,Control,Diseased,11.238192956103102,22.11085248860256,38521,18
Sample_774,Heart,Treated,Healthy,10.179569928838264,41.834416095747635,16564,29
Sample_775,Kidney,Treated,Healthy,9.457189879671006,21.48138526993134,44619,19
Sample_776,Liver,Treated,Diseased,9.072104061031183,32.069682787086776,10104,19
Sample_777,Liver,Treated,Diseased,12.421402506295033,32.28426263185394,32299,14
Sample_778,Liver,Treated,Healthy,9.965453523903655,21.426138681747037,18421,20
Sample_779,Brain,Control,Diseased,13.347879594489537,45.70132672765794,28211,25
Sample_780,Brain,Treated,Diseased,10.06972483065833,27.64527554237529,16202,30
Sample_781,Heart,Treated,Healthy,9.175306613153186,25.915289267187536,48871,15
Sample_782,Liver,Control,Healthy,8.797399070976535,49.888118554785315,47185,17
Sample_783,Heart,Control,Diseased,8.512567829411005,27.20751638326775,46127,22
Sample_784,Heart,Control,Diseased,11.028291652812092,13.027921336786147,8685,19
Sample_785,Liver,Treated,Diseased,7.411013290283977,28.08812402885471,29661,33
Sample_786,Heart,Control,Healthy,8.363325033327493,41.63075309839685,47637,19
Sample_787,Kidney,Control,Diseased,12.64896525168214,39.95871471042266,23366,28
Sample_788,Brain,Control,Healthy,8.090901378351044,40.4861794298812,42712,15
Sample_789,Heart,Control,Healthy,11.725409843980033,36.86107027990603,29276,18
Sample_790,Liver,Treated,Diseased,5.873976376998369,16.43980230800097,20410,23
Sample_791,Brain,Treated,Healthy,12.900174084351503,43.793783862810415,14678,21
Sample_792,Brain,Treated,Diseased,7.459536321944907,45.20495594193193,29575,19
Sample_793,Heart,Control,Diseased,8.247212513050483,13.736871347834708,46401,25
Sample_794,Kidney,Control,Healthy,11.36068515597265,10.870503644812725,46230,27
Sample_795,Heart,Control,Diseased,10.540816268416098,48.90222358651004,18888,25
Sample_796,Kidney,Control,Healthy,11.789974872189614,44.07457836426656,21727,21
Sample_797,Brain,Control,Healthy,7.44347474148485,45.1956266244476,8081,22
Sample_798,Heart,Control,Diseased,9.426389181332922,44.886937308097785,28021,16
Sample_799,Liver,Treated,Diseased,8.765843581579126,29.375907081517777,14449,23
Sample_800,Heart,Treated,Diseased,7.779622403695154,34.088078149960985,20657,19
Sample_801,Kidney,Control,Diseased,11.191794917040731,29.541328346013874,40059,14
Sample_802,Kidney,Treated,Healthy,11.886102893213591,7.304285713564808,6532,23
Sample_803,Heart,Control,Healthy,9.326267589918933,38.54763884087477,42130,16
Sample_804,Kidney,Control,Healthy,13.04542259859234,27.73994150011461,21015,19
Sample_805,Brain,Treated,Diseased,8.428599558243315,34.146908365560336,42756,19
Sample_806,Heart,Control,Healthy,12.996934648274083,27.618791223899088,11344,22
Sample_807,Kidney,Treated,Healthy,11.124478119516532,27.131509504510518,46198,18
Sample_808,Heart,Control,Diseased,7.552865629049979,12.730509926499508,14106,21
Sample_809,Heart,Control,Diseased,13.963048534165338,17.542117181351703,39206,22
Sample_810,Liver,Treated,Diseased,9.111044933617945,12.14837113747801,14652,19
Sample_811,Heart,Control,Healthy,12.410235479228902,13.804983303140409,29550,22
Sample_812,Liver,Control,Diseased,10.291298243859265,48.78398211891372,11389,28
Sample_813,Kidney,Control,Healthy,10.748882448903665,11.89010505974893,27361,16
Sample_814,Liver,Treated,Healthy,11.802413560984615,17.117169093734343,40847,21
Sample_815,Liver,Control,Healthy,11.691702368938007,31.57653459823632,44063,15
Sample_816,Liver,Control,Healthy,9.31570687375308,32.45803593064888,18703,22
Sample_817,Brain,Control,Healthy,11.06333119187719,11.928835838472308,23642,28
Sample_818,Liver,Treated,Diseased,10.913199697397005,40.71728416033456,46326,13
Sample_819,Heart,Treated,Healthy,10.42712239937849,40.334129056077124,41509,22
Sample_820,Liver,Treated,Diseased,9.593366932340542,15.679296689175098,18881,24
Sample_821,Heart,Treated,Healthy,10.423129666388496,17.98998362039572,20414,16
Sample_822,Liver,Treated,Healthy,13.93508149239172,47.20945394567736,19329,19
Sample_823,Brain,Control,Diseased,9.409945295771685,42.15521506907651,27831,22
Sample_824,Kidney,Treated,Healthy,12.413174839608418,36.40086648781357,46091,21
Sample_825,Liver,Treated,Healthy,8.760727152167071,8.700494967977024,12588,24
Sample_826,Liver,Control,Diseased,8.237370675354512,23.82188364061591,5903,26
Sample_827,Brain,Treated,Diseased,16.552798690226,30.168584243457214,49416,24
Sample_828,Liver,Control,Healthy,11.080048393978487,13.433507959269962,47723,18
Sample_829,Heart,Treated,Healthy,11.135026922579227,25.170196194870105,40572,22
Sample_830,Liver,Control,Healthy,11.190455543668405,32.046164486991046,22610,20
Sample_831,Liver,Control,Diseased,12.814599413069176,19.731950605192964,39052,23
Sample_832,Kidney,Treated,Healthy,10.815620029235507,40.14251685277192,38457,23
Sample_833,Kidney,Treated,Diseased,11.632443745114385,42.820231173746244,26527,19
Sample_834,Liver,Control,Diseased,7.882863443486954,19.562426124533182,42550,29
Sample_835,Brain,Control,Healthy,11.967847074488905,42.739571952160574,34011,21
Sample_836,Kidney,Control,Diseased,9.526478883924918,9.660945474635676,42275,18
Sample_837,Liver,Control,Healthy,11.343484964383745,42.69780943801953,39764,19
Sample_838,Kidney,Control,Healthy,6.569760090610608,11.873769425042747,37004,21
Sample_839,Liver,Control,Diseased,11.260359184730227,8.731721862937672,29064,19
Sample_840,Kidney,Control,Diseased,5.5162072904503425,33.879893199845505,33702,23
Sample_841,Kidney,Treated,Diseased,9.448169059127647,26.237181458988246,25165,27
Sample_842,Heart,Control,Diseased,6.588896818200789,45.855077018577475,13631,30
Sample_843,Liver,Treated,Diseased,11.266073452501052,21.343513824088216,26852,24
Sample_844,Liver,Treated,Diseased,10.13853976235175,17.92185185469329,9507,16
Sample_845,Liver,Control,Healthy,8.458425193919448,27.533070776488927,5527,23
Sample_846,Liver,Control,Healthy,12.868816090069656,25.51757835958976,33981,23
Sample_847,Kidney,Treated,Healthy,8.206667011333236,20.499262079773473,40764,17
Sample_848,Heart,Control,Diseased,3.937612335019822,36.21835844142478,41235,23
Sample_849,Heart,Control,Diseased,11.027270067730305,39.18028252612587,38471,23
Sample_850,Brain,Treated,Diseased,6.466802561172102,43.38427860635615,5662,24
Sample_851,Liver,Treated,Healthy,8.269980713978315,48.77854721196543,29940,16
Sample_852,Brain,Treated,Healthy,8.965306854121444,16.9995286459627,46882,21
Sample_853,Kidney,Control,Diseased,7.152012300607977,37.22420671204827,11256,27
Sample_854,Brain,Control,Diseased,9.01254482788356,22.741620597308536,33432,19
Sample_855,Liver,Treated,Diseased,7.189436225490221,35.468688737799866,13367,18
Sample_856,Heart,Control,Diseased,10.324766370266094,26.419176065714915,43065,17
Sample_857,Heart,Treated,Healthy,7.5425094884956225,49.719789624556924,30511,18
Sample_858,Liver,Control,Healthy,10.06029279756403,37.80059611058375,13573,16
Sample_859,Kidney,Treated,Healthy,12.32401540854242,47.862108519544606,20582,22
Sample_860,Liver,Control,Diseased,11.564745540584326,42.57362972665336,10378,19
Sample_861,Kidney,Treated,Healthy,9.836578615716844,45.6305455023517,18500,22
Sample_862,Heart,Control,Diseased,8.022525363160364,41.64886387466037,5305,16
Sample_863,Kidney,Control,Diseased,10.318354231845161,25.66216086691601,26881,22
Sample_864,Liver,Treated,Diseased,8.608561751065828,16.330480400609797,9697,23
Sample_865,Liver,Control,Healthy,10.402246917403051,21.6644078952735,12222,20
Sample_866,Liver,Control,Healthy,6.569429565094001,5.91063046879777,12933,21
Sample_867,Kidney,Treated,Diseased,11.614522112671285,28.579692535910024,22849,17
Sample_868,Kidney,Control,Healthy,10.066433126026295,27.727601012168392,29236,16
Sample_869,Kidney,Control,Diseased,14.417033360018348,28.63627091737197,49231,10
Sample_870,Heart,Control,Diseased,12.612122923685453,48.831405123742876,38170,20
Sample_871,Brain,Treated,Diseased,11.132373872842113,46.01543015546777,17901,18
Sample_872,Brain,Treated,Healthy,9.752014052584862,12.27707502485486,11940,21
Sample_873,Liver,Treated,Healthy,8.54079127259667,21.599713470015015,24054,24
Sample_874,Heart,Treated,Diseased,11.884818590068269,24.078028075846785,45863,21
Sample_875,Kidney,Treated,Healthy,9.541060417360576,21.22398130332415,48610,16
Sample_876,Liver,Control,Healthy,12.3367292658966,40.93231836217609,9544,16
Sample_877,Heart,Control,Healthy,10.801646327470571,28.58169514404141,30318,29
Sample_878,Liver,Treated,Healthy,10.815994254499527,30.744491763723126,11074,22
Sample_879,Heart,Control,Diseased,11.189052253935923,43.38561015445665,44618,26
Sample_880,Heart,Control,Healthy,8.160746123124886,41.266766903691135,38518,19
Sample_881,Brain,Control,Diseased,7.955727512252754,10.949518526913486,30444,23
Sample_882,Liver,Control,Diseased,7.886581103273551,37.12615628376354,25446,20
Sample_883,Kidney,Treated,Healthy,12.094993829751981,24.5946258005916,33543,22
Sample_884,Brain,Treated,Diseased,8.108556824963054,18.25920063781252,29789,23
Sample_885,Brain,Control,Diseased,8.357680583609326,7.250846940598386,6617,15
Sample_886,Kidney,Control,Healthy,11.075034253946285,26.926230215545292,40298,16
Sample_887,Heart,Treated,Diseased,9.495901750730289,20.994650632603914,8333,22
Sample_888,Kidney,Control,Diseased,9.240411515816088,16.318086785438037,45002,14
Sample_889,Liver,Control,Healthy,9.066890062346161,36.26022783186309,27152,11
Sample_890,Kidney,Control,Healthy,5.348736644317304,39.62684242920142,29091,26
Sample_891,Heart,Treated,Healthy,8.066236948071964,16.01552835632412,5511,18
Sample_892,Kidney,Treated,Healthy,12.363126273764182,7.225134650570626,42850,9
Sample_893,Heart,Control,Healthy,8.921203796932055,43.193871525435576,21636,23
Sample_894,Heart,Control,Diseased,6.19902058796452,5.4481883541936496,25517,18
Sample_895,Liver,Control,Diseased,7.984011522263019,47.17006222646624,36786,23
Sample_896,Kidney,Control,Healthy,10.719707929509992,33.24289432922177,13820,27
Sample_897,Kidney,Control,Healthy,10.680069218411475,19.483098584059412,41244,14
Sample_898,Liver,Control,Diseased,9.4114387748773,16.09150593095313,14178,22
Sample_899,Heart,Treated,Healthy,8.621591905829932,5.405254891901386,6725,19
Sample_900,Kidney,Treated,Healthy,7.1956080284879125,15.596213765489471,23477,23
Sample_901,Liver,Control,Diseased,10.736370072824016,11.19777356827135,39469,20
Sample_902,Heart,Treated,Diseased,11.675740835335578,32.54747993254155,13496,30
Sample_903,Liver,Control,Diseased,12.57776000410369,12.494551486721058,17270,19
Sample_904,Kidney,Control,Healthy,7.778825282619914,28.788342689147868,15472,21
Sample_905,Liver,Treated,Diseased,12.731045960812377,31.555239005501186,25724,22
Sample_906,Brain,Treated,Healthy,9.886775825471087,18.411876425611155,35416,21
Sample_907,Heart,Control,Diseased,10.053143926808612,6.577922705842342,40575,19
Sample_908,Brain,Control,Healthy,11.787184081262922,6.676424627638824,20654,19
Sample_909,Brain,Treated,Healthy,8.918092193040534,6.185629948726293,16078,15
Sample_910,Heart,Treated,Healthy,5.672393997301943,38.26061002114458,33030,27
Sample_911,Heart,Control,Diseased,11.409723096391524,19.310436716643416,12572,34
Sample_912,Liver,Control,Diseased,10.697141488590146,40.83350836854486,22408,15
Sample_913,Heart,Control,Diseased,9.279446306246047,24.42797707292821,24359,22
Sample_914,Brain,Treated,Healthy,11.245062687874388,25.384914537348372,13698,18
Sample_915,Brain,Control,Diseased,11.653886920930391,28.07971711293082,9856,22
Sample_916,Kidney,Treated,Diseased,6.975987375876848,37.08641553687968,32527,14
Sample_917,Heart,Control,Healthy,10.045025948795455,17.307628962336818,44492,16
Sample_918,Brain,Treated,Healthy,5.444874786301831,10.471430729008711,14245,26
Sample_919,Kidney,Treated,Diseased,9.752613620976435,30.022580083615768,48634,16
Sample_920,Kidney,Treated,Diseased,9.254515511942621,19.713993045923267,47864,26
Sample_921,Liver,Treated,Diseased,10.98381803485448,24.912109115061682,33946,18
Sample_922,Brain,Control,Healthy,7.853889540752147,34.11260187517874,42355,14
Sample_923,Liver,Treated,Diseased,9.157026928296963,27.235658351357177,42690,25
Sample_924,Brain,Treated,Healthy,3.5678856014857274,32.912546769537926,42814,22
Sample_925,Liver,Treated,Healthy,11.115007642067674,29.48900009511325,36645,19
Sample_926,Liver,Control,Diseased,9.823200166411853,38.290836737124465,24278,27
Sample_927,Heart,Control,Diseased,10.17448287564122,36.7671477970229,12203,21
Sample_928,Liver,Control,Healthy,7.013138527930548,29.038545131387863,26658,17
Sample_929,Heart,Control,Healthy,10.79612434970601,35.55063593868681,47596,22
Sample_930,Kidney,Control,Diseased,13.305499407028451,44.310182102267575,20797,19
Sample_931,Brain,Control,Diseased,9.63017456224762,24.452207950467585,37806,18
Sample_932,Kidney,Treated,Diseased,11.30017781616329,23.574338273695716,35958,18
Sample_933,Brain,Treated,Healthy,8.25875795374823,39.391052938357106,11265,20
Sample_934,Kidney,Treated,Healthy,9.84628761990589,31.21492266688973,11598,33
Sample_935,Brain,Control,Diseased,6.937318772083666,8.195305110016484,40183,26
Sample_936,Liver,Treated,Healthy,11.576243609386925,45.14504070609866,22142,21
Sample_937,Brain,Treated,Healthy,10.319681154330793,6.385239600693806,31998,21
Sample_938,Brain,Control,Diseased,7.561427228347874,38.67783602943844,30890,18
Sample_939,Kidney,Treated,Healthy,8.396275646323836,39.14573642169408,33878,25
Sample_940,Kidney,Control,Diseased,10.122172345196626,47.88999883768687,19306,15
Sample_941,Kidney,Treated,Diseased,11.84773003192835,7.436048378104434,16885,16
Sample_942,Heart,Control,Healthy,12.959054407037035,31.858558735302093,49145,20
Sample_943,Heart,Control,Healthy,9.731749241909686,24.252825678217384,48826,12
Sample_944,Brain,Control,Diseased,7.270702652261239,19.878482968679393,12443,24
Sample_945,Brain,Treated,Healthy,10.47693028064759,9.064335213458286,36839,14
Sample_946,Liver,Treated,Diseased,13.569764798064703,30.319435385208912,22084,20
Sample_947,Liver,Control,Healthy,6.7545031893549705,26.556832655357614,28911,17
Sample_948,Brain,Control,Healthy,8.090808701422137,9.704950616796092,9383,18
Sample_949,Heart,Treated,Healthy,11.221928688493286,32.56202781936875,31777,19
Sample_950,Brain,Treated,Diseased,10.307198270508334,38.20789041138223,39361,26
Sample_951,Liver,Control,Healthy,8.909960543470397,39.52752354741417,19758,21
Sample_952,Heart,Treated,Diseased,10.440227746602904,45.74179347180923,34521,20
Sample_953,Heart,Treated,Diseased,11.955090403708631,23.426183384994975,25529,18
Sample_954,Liver,Treated,Diseased,9.803327315615002,47.888274587996165,28091,24
Sample_955,Brain,Control,Healthy,9.627984611415807,43.944323228720876,44794,26
Sample_956,Kidney,Control,Diseased,11.178048339851433,18.342570696077257,36381,21
Sample_957,Brain,Treated,Diseased,9.458970236191607,12.167736680725632,40380,17
Sample_958,Brain,Control,Healthy,12.28504712175626,24.592522825760604,35932,29
Sample_959,Liver,Treated,Diseased,14.053479356968703,23.0854418580185,49097,27
Sample_960,Heart,Treated,Diseased,8.214116063740676,30.907368739904193,6908,17
Sample_961,Liver,Control,Healthy,7.499948934431902,31.25238045474866,44722,17
Sample_962,Brain,Control,Diseased,10.743438477380087,38.74941429709889,35358,13
Sample_963,Kidney,Control,Healthy,7.428990953944195,27.945047669252457,35412,26
Sample_964,Kidney,Treated,Diseased,7.394845042092926,9.71701884233445,23174,15
Sample_965,Kidney,Treated,Diseased,5.9015884593523165,43.62311009988977,20496,19
Sample_966,Liver,Control,Healthy,9.23549550485625,18.939406243333416,7928,23
Sample_967,Heart,Control,Diseased,9.9340193943455,48.708385713796645,35632,21
Sample_968,Liver,Control,Diseased,8.965274021715535,10.303704890589657,37309,16
Sample_969,Kidney,Treated,Diseased,12.780666367064342,48.12130275046265,14280,19
Sample_970,Brain,Treated,Healthy,12.631774534092234,9.095531309713264,45449,19
Sample_971,Heart,Treated,Healthy,13.857687928043513,15.396626207617675,26635,22
Sample_972,Liver,Control,Healthy,10.093056931867418,7.096097393894372,31957,21
Sample_973,Liver,Control,Healthy,12.367638117021553,36.73009159875477,41895,29
Sample_974,Heart,Treated,Healthy,10.617705297574307,43.26344314573063,9963,18
Sample_975,Heart,Control,Diseased,10.416764625039242,24.533198681719117,32521,26
Sample_976,Brain,Control,Healthy,9.065227849409077,46.783493376909334,37615,18
Sample_977,Heart,Control,Healthy,5.473706418489712,31.56345822900198,49529,22
Sample_978,Brain,Control,Healthy,11.274582910027979,33.35032109509355,26695,17
Sample_979,Kidney,Treated,Diseased,12.308272473056046,43.043864076534646,14357,30
Sample_980,Kidney,Control,Diseased,6.948764143403501,18.35600922733275,30176,13
Sample_981,Liver,Treated,Healthy,9.980602675634783,20.94195745974316,23409,29
Sample_982,Kidney,Treated,Diseased,11.98329433682914,45.767836363758995,5987,18
Sample_983,Kidney,Control,Diseased,9.281002446709165,45.543357321744374,6965,26
Sample_984,Brain,Treated,Diseased,12.386207346664536,48.94172492903919,45084,18
Sample_985,Liver,Treated,Diseased,9.719433933285263,45.5827242398752,36318,27
Sample_986,Heart,Control,Healthy,8.949682938603479,10.73174162150124,31015,16
Sample_987,Liver,Treated,Healthy,12.500573825882466,42.06759287616443,34191,18
Sample_988,Kidney,Treated,Diseased,8.132492527719807,23.442731514931733,5868,23
Sample_989,Heart,Treated,Diseased,8.550191936350414,49.586061017567204,42146,28
Sample_990,Liver,Treated,Diseased,8.208908230565388,26.25264339479605,34032,16
Sample_991,Liver,Treated,Diseased,7.7148094610254745,29.92262371259993,33305,24
Sample_992,Liver,Treated,Healthy,10.306067834748776,28.839871186555936,27640,28
Sample_993,Liver,Treated,Diseased,8.974130796442994,19.4781663436225,23318,14
Sample_994,Brain,Treated,Healthy,10.977226192832916,8.375994000181318,18246,16
Sample_995,Liver,Control,Diseased,6.530719328936951,45.30430536808633,38844,21
Sample_996,Kidney,Control,Healthy,7.754903818991167,41.12041156368291,37602,21
Sample_997,Kidney,Control,Diseased,10.103158179052741,11.278705125185116,26584,26
Sample_998,Brain,Treated,Healthy,12.939361194407434,39.95457221075328,20169,19
Sample_999,Heart,Treated,Healthy,10.75700429783504,33.16309997227745,30968,17
Sample_1000,Heart,Treated,Healthy,8.821218810299115,23.411470456293003,11385,19
